,0,1,2,3,4,5,6
0,省/直辖市,地市,许可证编号,单位名称,行业类别,有效期限,发证日期
1,上海市,市辖区,91310116769449720Y001P,上海固创化工新材料有限公司,有机化学原料制造,2021-12-21至2026-12-20,2021-12-03
2,上海市,市辖区,91310116586766897X001X,进彩新材料（上海）有限公司,涂料制造,2023-01-06至2028-01-05,2023-01-06
3,上海市,市辖区,913100007402905337001V,科莱恩催化剂（上海）有限公司,化学试剂和助剂制造,2023-01-05至2028-01-04,2023-01-05
4,上海市,市辖区,913100007639542757001C,圣莱科特精细化工（上海）有限公司,其他合成材料制造,2022-12-30至2027-12-29,2022-12-30
5,上海市,市辖区,913100006073372599001U,巴斯夫上海涂料有限公司（化工区）,涂料制造,2022-12-29至2027-12-28,2022-12-29
6,上海市,市辖区,913101201326081818001P,华东理工大学华昌聚合物有限公司,初级形态塑料及合成树脂制造,2022-12-28至2027-12-27,2022-12-28
7,上海市,市辖区,91310000060899994C001P,英威达尼龙化工（中国）有限公司,有机化学原料制造,2022-12-28至2027-12-27,2022-12-28
8,上海市,市辖区,91310000667750248Q001V,上海炼升化工股份有限公司,专项化学用品制造,2023-01-01至2027-12-31,2022-12-28
9,上海市,市辖区,91310114133629603R001V,上海嘉定马陆化工厂有限公司,无机盐制造,2022-12-27至2027-12-26,2022-12-27
10,上海市,市辖区,91310000607414568M001U,铃鹿复合建材（上海）有限公司,涂料制造,2022-10-19至2027-10-18,2022-10-19
11,上海市,市辖区,913100006073379101001Q,阿克苏诺贝尔漆油（上海）有限公司,涂料制造,2022-12-26至2027-12-25,2022-12-26
12,上海市,市辖区,91310116770224684D001C,上海忆南奶牛养殖有限公司,有机肥料及微生物肥料制造,2022-12-26至2027-12-25,2022-12-26
13,上海市,市辖区,9131000005299318XW001P,东曹（上海）聚氨酯有限公司,初级形态塑料及合成树脂制造,2022-12-26至2027-12-25,2022-12-26
14,上海市,市辖区,91310000664332470G001U,上海稻畑精细化工有限公司,涂料制造,2022-12-26至2027-12-25,2022-12-26
15,上海市,市辖区,91310000607220376T001P,上海欧亚合成材料股份有限公司,初级形态塑料及合成树脂制造,2021-12-21至2026-12-20,2021-12-21
16,上海市,市辖区,91310116697211579W001Y,上海凝瑞粘合剂科技发展有限公司,其他专用化学产品制造,2022-12-20至2027-12-19,2022-12-20
17,上海市,市辖区,91310116695803116G001W,上海郁文实业有限公司,香料、香精制造,2022-12-20至2027-12-19,2022-12-20
18,上海市,市辖区,91310116662478847M001C,上海汇得科技股份有限公司,初级形态塑料及合成树脂制造,2022-12-20至2027-12-19,2022-12-20
19,上海市,市辖区,9131011675573837X5001P,上海巴德富实业有限公司,初级形态塑料及合成树脂制造,2022-12-20至2027-12-19,2022-12-20
20,上海市,市辖区,91310115759887639G001V,上海征宇反光材料有限公司,其他专用化学产品制造,2022-12-07至2027-12-06,2022-12-07
21,上海市,市辖区,9131000060743055X8001P,兴农药业（中国）有限公司,化学农药制造,2021-01-01至2025-12-31,2020-12-28
22,上海市,市辖区,91310230631063382Q001R,上海精科绿岛生物有机肥有限公司,有机肥料及微生物肥料制造,2022-12-14至2027-12-13,2022-12-14
23,上海市,市辖区,913102306958444367001V,上海跃进有机肥料有限公司,有机肥料及微生物肥料制造,2022-12-14至2027-12-13,2022-12-14
24,上海市,市辖区,91310000582115712Y001P,西萨化工（上海）有限公司,有机化学原料制造,2022-12-13至2027-12-12,2022-12-13
25,上海市,市辖区,913100006073622866002V,上海实业振泰化工有限公司（舜工路厂区）,其他基础化学原料制造,2022-12-08至2027-12-07,2022-12-08
26,上海市,市辖区,91310000710936380G001U,亚东石化（上海）有限公司,合成纤维单(聚合)体制造,2022-01-14至2027-01-13,2022-01-13
27,上海市,市辖区,913101147664637543001Q,上海顺威环保科技有限公司,油墨及类似产品制造,2020-08-04至2023-08-03,2020-08-04
28,上海市,市辖区,91310115MA1H9NPC3T001Q,巴斯夫环保技术（上海）有限公司,化学试剂和助剂制造,2022-12-07至2027-12-06,2022-12-07
29,上海市,市辖区,913101156072425598001Q,上海国际油漆有限公司,涂料制造,2022-12-05至2027-12-04,2022-12-05
30,上海市,市辖区,91310116703110070T001V,上海立得催化剂有限公司,化学试剂和助剂制造,2022-12-05至2027-12-04,2022-12-05
31,上海市,市辖区,91310000771492218K001V,宁柏迪特种化学（上海）有限公司,化学试剂和助剂制造,2020-08-01至2023-07-31,2020-08-01
32,上海市,市辖区,91310000753155429A001C,长欣胶业（上海）有限公司,合成橡胶制造,2022-12-01至2027-11-30,2022-12-01
33,上海市,市辖区,91310000749553571B001V,先尼科化工（上海）有限公司,染料制造,2021-07-23至2026-07-22,2021-07-23
34,上海市,市辖区,91310120769698022T001V,上海日多高分子材料有限公司,化学试剂和助剂制造,2020-08-29至2023-08-28,2020-08-28
35,上海市,市辖区,91310117631349372C001Q,上海科瑞印刷材料有限公司,油墨及类似产品制造,2020-08-06至2023-08-05,2020-08-05
36,上海市,市辖区,91310115739011998A001U,上海贝德混凝土外加剂有限公司,其他专用化学产品制造,2022-11-23至2027-11-22,2022-11-23
37,上海市,市辖区,913101150800890081001Y,成丰化工（上海）有限公司,化学试剂和助剂制造,2021-04-13至2026-04-12,2021-04-13
38,上海市,市辖区,91310120575814857P001P,彤程化学（中国）有限公司,初级形态塑料及合成树脂制造,2022-11-22至2027-11-21,2022-11-22
39,上海市,市辖区,91310114758571608T001U,上海长润化工有限公司,涂料制造,2022-11-22至2027-11-21,2022-11-22
40,上海市,市辖区,91310118566509105H001U,上海大杉新材料科技有限公司,涂料制造,2022-10-09至2027-10-08,2022-10-09
41,上海市,市辖区,91310000748094094D001P,永星化工（上海）有限公司,化学试剂和助剂制造,2021-08-24至2026-08-23,2021-08-24
42,上海市,市辖区,91310120676210235J001U,上海汉司汽车材料有限公司,其他专用化学产品制造,2021-09-02至2026-09-01,2021-09-01
43,上海市,市辖区,91310116783113844P001V,卓悦环保新材料（上海）有限公司,化学试剂和助剂制造,2022-10-12至2027-10-11,2022-10-12
44,上海市,市辖区,913101157584197100001V,上海踏浪精细化工有限公司,无机盐制造,2022-11-08至2027-11-07,2022-11-08
45,上海市,市辖区,91310116687359721K001P,上海联聚实业有限公司,初级形态塑料及合成树脂制造,2022-11-07至2027-11-06,2022-11-07
46,上海市,市辖区,913101156072632023001C,立邦涂料（中国）有限公司,涂料制造,2019-12-31至2024-12-30,2019-12-31
47,上海市,市辖区,91310115767242582D001U,巴斯夫聚氨酯特种产品（中国）有限公司,专项化学用品制造,2022-01-01至2026-12-31,2022-01-01
48,上海市,市辖区,913101153421101541001Q,上海芳甸生物科技有限公司南汇分公司,复混肥料制造,2022-10-30至2027-10-29,2022-10-30
49,上海市,市辖区,91310115583479876D001Q,上海钙源生物科技有限公司,复混肥料制造,2022-10-30至2027-10-29,2022-10-30
50,上海市,市辖区,9131000074615484XA001V,上海东洋油墨制造有限公司,油墨及类似产品制造,2022-11-02至2027-11-01,2022-11-02
51,上海市,市辖区,913100006873885738001U,华威粘结材料（上海）股份有限公司,其他专用化学产品制造,2022-11-02至2027-11-01,2022-11-02
52,上海市,市辖区,91310118631032447T001V,上海齐力助剂有限公司,化学试剂和助剂制造,2020-08-01至2023-07-31,2020-07-25
53,上海市,市辖区,91310000558756763U001V,东邦化学（上海）有限公司,专项化学用品制造,2022-10-31至2027-10-30,2022-10-31
54,上海市,市辖区,91310000607374324M001P,允发化工（上海）有限公司,化学农药制造,2022-11-01至2027-10-31,2022-10-31
55,上海市,市辖区,913100006624190035001Q,慧瑞环保涂料（上海）有限公司,涂料制造,2022-10-28至2027-10-27,2022-10-28
56,上海市,市辖区,91310000743275611U001U,庞贝捷涂料（上海）有限公司,涂料制造,2022-10-28至2027-10-27,2022-10-28
57,上海市,市辖区,91310117MA1J3H9N4M001V,凯美克（上海）医药科技有限公司,化学试剂和助剂制造,2022-10-28至2027-10-27,2022-10-28
58,上海市,市辖区,913100007605958527001U,海丰赛文（上海）包装材料有限公司,涂料制造,2022-10-28至2027-10-27,2022-10-28
59,上海市,市辖区,91310000631789714J001R,上海金力泰化工股份有限公司,涂料制造,2022-10-29至2027-10-28,2022-10-28
60,上海市,市辖区,91310000766494550B001U,庞贝捷粉末涂料（上海）有限公司,涂料制造,2020-08-28至2023-08-27,2020-08-28
61,上海市,市辖区,913101148322144586001P,上海东风农药厂有限公司,化学农药制造,2020-08-30至2023-08-29,2020-08-29
62,上海市,市辖区,91310000751851295J001R,大日精化（上海）化工有限公司,涂料制造,2020-11-14至2023-11-13,2020-11-13
63,上海市,市辖区,913100005964628115001V,阿拉丁试剂（上海）有限公司,化学试剂和助剂制造,2020-08-06至2023-08-05,2020-08-05
64,上海市,市辖区,9131012076533044XE001V,上海优创化学品有限公司,专项化学用品制造,2020-08-30至2023-08-29,2020-08-29
65,上海市,市辖区,913100006072722568001P,上海惠光环境科技有限公司,化学农药制造,2021-07-24至2026-07-23,2021-07-23
66,上海市,市辖区,91310000134104753U001P,上海农乐生物制品股份有限公司,生物化学农药及微生物农药制造,2021-12-02至2026-12-01,2021-12-01
67,上海市,市辖区,91310000607402858F001V,祯祥化学工业（上海）有限公司,化学试剂和助剂制造,2022-10-27至2027-10-26,2022-10-27
68,上海市,市辖区,91310117MA1J418R21001Q,上海虎龙水性涂料有限公司,涂料制造,2022-10-27至2027-10-26,2022-10-27
69,上海市,市辖区,91310117631629083P001W,上海青彤金属处理材料有限公司,专项化学用品制造,2022-10-27至2027-10-26,2022-10-27
70,上海市,市辖区,91310117MA1J228E80001W,上海达巧康新材料科技有限公司,涂料制造,2022-10-27至2027-10-26,2022-10-27
71,上海市,市辖区,91310000756961151M001U,涂耐可艾克（上海）涂料有限公司,涂料制造,2022-10-27至2027-10-26,2022-10-27
72,上海市,市辖区,91310117MA1J263E7D001Q,上海汉熵新材料科技股份有限公司,涂料制造,2022-10-27至2027-10-26,2022-10-27
73,上海市,市辖区,91310117MA1J3F5C33001P,上海信斯帝克新材料有限公司,初级形态塑料及合成树脂制造,2022-10-27至2027-10-26,2022-10-27
74,上海市,市辖区,9131000060743258XR001Q,贝科工业涂料（上海）有限公司,涂料制造,2022-10-27至2027-10-26,2022-10-27
75,上海市,市辖区,9131011732446926XR001Q,上海蕴福新材料科技有限公司,涂料制造,2022-10-27至2027-10-26,2022-10-27
76,上海市,市辖区,9131000060741500XB001C,宝美施化工（上海）有限公司,涂料制造,2022-10-27至2027-10-26,2022-10-27
77,上海市,市辖区,913100006074194308001V,成大（上海）化工有限公司,化学试剂和助剂制造,2020-07-26至2023-07-25,2020-07-25
78,上海市,市辖区,91310000743778884A001Q,上海协承昌化工有限公司,涂料制造,2022-10-27至2027-10-26,2022-10-27
79,上海市,市辖区,913100007426899947001W,小川香料（上海）有限公司,香料、香精制造,2022-10-27至2027-10-26,2022-10-27
80,上海市,市辖区,913100006074164831002V,庄信万丰（上海）化工有限公司（荣乐东路厂区）,化学试剂和助剂制造,2022-10-27至2027-10-26,2022-10-27
81,上海市,市辖区,91310117755008174H001U,上海希诺建筑材料有限公司,涂料制造,2022-10-27至2027-10-26,2022-10-27
82,上海市,市辖区,91310117752482807M001C,奥斯佳材料科技（上海）有限公司,专项化学用品制造,2022-10-27至2027-10-26,2022-10-27
83,上海市,市辖区,913100007970313726001V,庄信万丰（上海）催化剂有限公司,化学试剂和助剂制造,2022-10-27至2027-10-26,2022-10-27
84,上海市,市辖区,91310117741170728Y001U,上海真丽化工有限公司,涂料制造,2022-10-27至2027-10-26,2022-10-27
85,上海市,市辖区,91310117MA1J102A6D001X,上海宝开生物科技有限公司,香料、香精制造,2020-12-28至2023-12-27,2020-12-27
86,上海市,市辖区,91310117756980723W001Q,上海联景聚氨酯科技发展有限公司（泖港）,涂料制造,2022-10-27至2027-10-26,2022-10-27
87,上海市,市辖区,91310117669393352D001U,上海嘉托建材有限公司,涂料制造,2022-10-27至2027-10-26,2022-10-27
88,上海市,市辖区,913101177956262098001Q,上海深禾聚合物材料有限公司,涂料制造,2021-05-27至2026-05-26,2021-05-27
89,上海市,市辖区,913101176317774813001Q,上海蓝宝涂料有限公司,涂料制造,2022-10-27至2027-10-26,2022-10-27
90,上海市,市辖区,91310117MA1J22CX99001W,上海丕莫粉末涂料有限公司,涂料制造,2022-10-27至2027-10-26,2022-10-27
91,上海市,市辖区,91310117779760096P001W,上海灿达建材科技有限公司,涂料制造,2022-10-27至2027-10-26,2022-10-27
92,上海市,市辖区,91310117791428192N001U,上海弘业涂料科技发展有限公司,涂料制造,2022-10-27至2027-10-26,2022-10-27
93,上海市,市辖区,91310117552995923L001W,上海众益实业有限公司,涂料制造,2022-10-27至2027-10-26,2022-10-27
94,上海市,市辖区,91310117MA1J1DUE21001Q,上海爱迪技术发展有限公司松江分公司,涂料制造,2020-07-27至2023-07-26,2020-07-26
95,上海市,市辖区,913101176315968833001Y,上海兴春装饰材料有限公司,涂料制造,2022-10-27至2027-10-26,2022-10-27
96,上海市,市辖区,91310117MA1J4PWG02001U,上海漆礼联新材料科技有限公司,涂料制造,2021-09-11至2026-09-10,2021-09-10
97,上海市,市辖区,91310117574134614U001U,上海蕾雅实业有限公司,涂料制造,2022-10-27至2027-10-26,2022-10-27
98,上海市,市辖区,91310117550008357E001W,上海浩优香精香料有限公司,香料、香精制造,2020-12-28至2023-12-27,2020-12-27
99,上海市,市辖区,913101125601467370001U,上海安弗柯林工业科技有限公司,涂料制造,2022-10-27至2027-10-26,2022-10-27
100,上海市,市辖区,91310117676232020A001Q,上海乐昊涂料有限公司,涂料制造,2021-04-14至2026-04-13,2021-04-13
101,上海市,市辖区,91310117666047403W001Q,上海志奇涂料有限公司,涂料制造,2022-10-27至2027-10-26,2022-10-27
102,上海市,市辖区,91310117MA1J2YC147001U,上海吒吒新材料科技有限公司,其他专用化学产品制造,2020-12-28至2023-12-27,2020-12-27
103,上海市,市辖区,91310117MA1J3DP74Q001U,上海笙翔新材料有限公司,涂料制造,2022-10-27至2027-10-26,2022-10-27
104,上海市,市辖区,91310230133441379D001U,上海欧畅新材料科技有限公司,油墨及类似产品制造,2022-10-27至2027-10-26,2022-10-27
105,上海市,市辖区,913101175887171834001Y,上海儒轩节能科技有限公司,涂料制造,2022-10-27至2027-10-26,2022-10-27
106,上海市,市辖区,91310117736662402R001Q,上海浙光涂料有限公司,涂料制造,2022-10-27至2027-10-26,2022-10-27
107,上海市,市辖区,91310117795629098Q001Q,上海新常江化学有限公司,涂料制造,2021-12-13至2026-12-12,2021-12-13
108,上海市,市辖区,91310117055933633H001U,上海骥勤粉末涂料有限公司,涂料制造,2021-11-05至2026-11-04,2021-11-05
109,上海市,市辖区,91310117781873567L001Q,上海贝才装饰材料有限公司,涂料制造,2020-08-30至2023-08-29,2020-08-29
110,上海市,市辖区,913101177811173310001Q,上海嘉怡涂料有限公司,涂料制造,2022-10-27至2027-10-26,2022-10-27
111,上海市,市辖区,91310117773713758B001Z,上海美士星建筑胶粘剂有限公司,其他专用化学产品制造,2022-10-27至2027-10-26,2022-10-27
112,上海市,市辖区,91310000662410025C001V,明尼苏达矿业制造特殊材料（上海）有限公司,其他专用化学产品制造,2022-10-27至2027-10-26,2022-10-27
113,上海市,市辖区,91310117MA1J42FP31001U,上海誉才建筑装潢材料有限公司,涂料制造,2021-03-18至2026-03-17,2021-03-18
114,上海市,市辖区,91310112133313262E001X,上海七一粉末涂料有限公司,涂料制造,2020-08-30至2023-08-29,2020-08-29
115,上海市,市辖区,91310117MA1J3N8T35001Q,上海缔朴水性涂料有限公司,涂料制造,2021-11-01至2026-10-31,2021-11-01
116,上海市,市辖区,91310110MA1G8KUN0A001Q,上海衡峰厚千水性氟碳涂料有限公司,涂料制造,2021-09-30至2026-09-29,2021-09-30
117,上海市,市辖区,91310116586772963Y001Q,上海蔚光新材料科技有限公司,涂料制造,2021-09-28至2026-09-27,2021-09-28
118,上海市,市辖区,913101177718047796001W,上海灼日新材料科技有限公司,涂料制造,2021-08-14至2026-08-13,2021-08-13
119,上海市,市辖区,91310117MA1J2J5C9K001W,上海肯太高分子材料有限公司,涂料制造,2020-08-15至2023-08-14,2020-08-14
120,上海市,市辖区,91310117744214204P001V,上海高邦印刷材料有限公司,油墨及类似产品制造,2022-01-28至2027-01-27,2022-01-28
121,上海市,市辖区,91310000607356054N001Q,上海诺格涂料有限公司,涂料制造,2020-07-16至2023-07-15,2020-07-15
122,上海市,市辖区,913101170558936781001U,上海盖林涂料有限公司,涂料制造,2020-08-25至2023-08-24,2020-08-24
123,上海市,市辖区,91310117630974555B001Q,上海茸康涂料有限公司,涂料制造,2020-08-25至2023-08-24,2020-08-24
124,上海市,市辖区,91310117MA1J1XGJ90001X,庞曦纳米技术（上海）有限公司,油墨及类似产品制造,2020-08-30至2023-08-29,2020-08-29
125,上海市,市辖区,91310117765571411M001Z,上海立诺建筑装饰材料有限公司,涂料制造,2020-08-30至2023-08-29,2020-08-29
126,上海市,市辖区,91310117574105194P001Y,上海超彩油墨有限公司,油墨及类似产品制造,2020-08-30至2023-08-29,2020-08-29
127,上海市,市辖区,91310117072992280F001U,上海律盈新材料科技有限公司,涂料制造,2022-10-26至2027-10-25,2022-10-26
128,上海市,市辖区,91310117703054435L001U,上海中南涂料厂有限公司,涂料制造,2022-10-26至2027-10-25,2022-10-26
129,上海市,市辖区,913101207416292952001Y,上海阳森精细化工有限公司,涂料制造,2020-08-19至2023-08-18,2020-08-18
130,上海市,市辖区,91310000607384397X001P,上海罗门哈斯化工有限公司,初级形态塑料及合成树脂制造,2021-12-28至2026-12-27,2021-11-02
131,上海市,市辖区,91310000607340044J001P,上海金菲石油化工有限公司,初级形态塑料及合成树脂制造,2022-10-25至2027-10-24,2022-10-25
132,上海市,市辖区,913100006073372599002Q,巴斯夫上海涂料有限公司,涂料制造,2022-10-21至2027-10-20,2022-10-21
133,上海市,市辖区,91310114133609354H001U,上海振大助剂有限公司,环境污染处理专用药剂材料制造,2020-07-23至2023-07-22,2020-07-23
134,上海市,市辖区,913101147030461362001U,上海名枫水墨化工有限公司,油墨及类似产品制造,2020-08-28至2023-08-27,2020-08-28
135,上海市,市辖区,91310114324661761F001Q,炫杰复合材料（上海）有限公司,涂料制造,2020-07-23至2023-07-22,2020-07-23
136,上海市,市辖区,91310116572721698P001U,上海雯硕涂料有限公司,涂料制造,2021-07-14至2026-07-13,2021-07-14
137,上海市,市辖区,91310114607726959T001Q,上海兴长活性炭有限公司,林产化学产品制造,2020-08-28至2023-08-27,2020-08-28
138,上海市,市辖区,91310114703285997M001U,上海恒力水处理材料有限公司,环境污染处理专用药剂材料制造,2020-07-23至2023-07-22,2020-07-23
139,上海市,市辖区,913101147505822221001U,上海巨安科技有限公司,其他专用化学产品制造,2020-07-20至2023-07-19,2020-07-20
140,上海市,市辖区,913100007405547628001Q,上海大桥化工有限公司,涂料制造,2020-08-28至2023-08-27,2020-08-28
141,上海市,市辖区,9131000074654918XD001Q,上海罗巴鲁富锌涂料有限公司,涂料制造,2020-08-24至2023-08-23,2020-08-24
142,上海市,市辖区,913101145791632462001Q,上海密恩诗化学建材有限公司,涂料制造,2020-08-24至2023-08-23,2020-08-24
143,上海市,市辖区,91310114X07725805H001U,上海嘉定万象涂料厂,涂料制造,2020-08-24至2023-08-23,2020-08-24
144,上海市,市辖区,9131011506258059XU001U,上海异素新材料科技有限公司,油墨及类似产品制造,2020-08-24至2023-08-23,2020-08-24
145,上海市,市辖区,91310114133601803U001U,上海高科建筑防水涂料厂,涂料制造,2020-08-29至2023-08-28,2020-08-29
146,上海市,市辖区,91310114630816354Y001Q,上海同惠油墨涂料有限公司,油墨及类似产品制造,2020-08-24至2023-08-23,2020-08-24
147,上海市,市辖区,9131000063207506XW001Q,爱普香料集团股份有限公司,香料、香精制造,2020-07-23至2023-07-22,2020-07-23
148,上海市,市辖区,91310114632012237B001Q,上海天璐化工有限公司,涂料制造,2020-08-24至2023-08-23,2020-08-24
149,上海市,市辖区,91310114767242427J001W,上海杰东粉末涂料有限公司,涂料制造,2020-08-24至2023-08-23,2020-08-24
150,上海市,市辖区,91310117342324937C001Q,上海缤家环保科技有限公司,涂料制造,2020-08-28至2023-08-27,2020-08-28
151,上海市,市辖区,913101201340033115001U,上海凯虹特种材料科技有限公司,涂料制造,2020-12-29至2023-12-28,2020-12-28
152,上海市,市辖区,91310120312476622N001W,上海飒浪生物技术有限公司,林产化学产品制造,2020-12-17至2023-12-16,2020-12-16
153,上海市,市辖区,91310230MA1K05Q06X001U,上海崇明瀛蜂农业发展有限公司,有机肥料及微生物肥料制造,2022-01-30至2027-01-29,2022-01-30
154,上海市,市辖区,91310116607216043C001P,上海金环石油萘开发有限公司,有机化学原料制造,2022-03-08至2027-03-07,2022-03-08
155,上海市,市辖区,91310000607419676A001P,上海昭和高分子有限公司,初级形态塑料及合成树脂制造,2022-10-19至2027-10-18,2022-10-19
156,上海市,市辖区,913101187480948288001U,上海一田涂料有限公司,涂料制造,2021-08-16至2026-08-15,2021-08-16
157,上海市,市辖区,913101187030863656001V,上海展辰涂料有限公司,涂料制造,2021-04-25至2026-04-24,2021-04-25
158,上海市,市辖区,91310000703147607R001Q,上海升平油墨有限公司,油墨及类似产品制造,2022-10-18至2027-10-17,2022-10-18
159,上海市,市辖区,91310114MA1GUXR842001Q,上海进哲企业管理有限公司,涂料制造,2021-06-17至2026-06-16,2021-06-17
160,上海市,市辖区,91310230134432677X001U,上海光明长江现代农业有限公司,有机肥料及微生物肥料制造,2022-10-18至2027-10-17,2022-10-18
161,上海市,市辖区,913100007456148408001U,纳路涂料(上海)有限公司,涂料制造,2022-10-17至2027-10-16,2022-10-17
162,上海市,市辖区,91310000783133618R001V,克鲁勃润滑产品（上海）有限公司,专项化学用品制造,2022-10-17至2027-10-16,2022-10-17
163,上海市,市辖区,913100006073504454001Q,鳄鱼制漆（上海）有限公司,涂料制造,2020-07-19至2023-07-18,2020-07-19
164,上海市,市辖区,913100007696951478001U,柒华化工（上海）有限公司,油墨及类似产品制造,2020-08-21至2023-08-20,2020-08-21
165,上海市,市辖区,91310000745614824J001Q,阪田油墨（上海）有限公司,油墨及类似产品制造,2021-12-30至2026-12-29,2021-12-30
166,上海市,市辖区,91310000697213507J001Q,元亨利云印刷科技（上海）有限公司青浦分公司,油墨及类似产品制造,2020-08-01至2023-07-31,2020-07-25
167,上海市,市辖区,91310120MA1HM5LW3K001V,上海安乙助剂有限公司,化学试剂和助剂制造,2022-10-14至2027-10-13,2022-10-14
168,上海市,市辖区,91310116667832614W001Q,上海立邦长润发涂料有限公司,涂料制造,2022-10-14至2027-10-13,2022-10-14
169,上海市,市辖区,913101187340838532001Q,亚士漆（上海）有限公司,涂料制造,2020-09-01至2023-08-31,2020-08-25
170,上海市,市辖区,91310000729430822E001U,上海十盛科技有限公司,其他专用化学产品制造,2022-10-14至2027-10-13,2022-10-14
171,上海市,市辖区,91310000607421207D001U,赢彩色浆制造（上海）有限公司,涂料制造,2020-08-18至2023-08-17,2020-08-18
172,上海市,市辖区,913101156073037451001U,上海汇友精密化学品有限公司,油墨及类似产品制造,2022-10-10至2027-10-09,2022-10-10
173,上海市,市辖区,913101157432816163001Q,丰益油脂科技（上海）有限公司1,有机化学原料制造,2019-12-20至2024-12-19,2019-12-20
174,上海市,市辖区,91310115757935350N001Q,上海哲华化工材料有限公司,其他专用化学产品制造,2020-08-21至2023-08-20,2020-08-21
175,上海市,市辖区,91310115607347908D001Q,雅博色彩科技（上海）有限公司,油墨及类似产品制造,2020-08-21至2023-08-20,2020-08-21
176,上海市,市辖区,91310115301592273X001Q,上海百厉新材料有限公司,涂料制造,2020-07-27至2023-07-26,2020-07-27
177,上海市,市辖区,91310115MA1K3WXK49001P,硅羿科技（上海）有限公司,生物化学农药及微生物农药制造,2021-03-31至2026-03-30,2021-03-31
178,上海市,市辖区,913101157345878593001P,上海舜胜高分子有限公司,初级形态塑料及合成树脂制造,2022-01-01至2026-12-31,2022-01-01
179,上海市,市辖区,913100007333800046001Q,艾思斯（上海）化工有限公司,涂料制造,2022-10-09至2027-10-08,2022-10-09
180,上海市,市辖区,91310118555940194P001U,上海君子兰新材料股份有限公司,涂料制造,2022-10-09至2027-10-08,2022-10-09
181,上海市,市辖区,91310118703208107G001U,纽沃得复合建材（上海）有限公司,涂料制造,2022-01-01至2026-12-31,2022-01-01
182,上海市,市辖区,91310118741635863R001Q,上海皓联涂料有限公司,涂料制造,2020-07-24至2023-07-23,2020-07-24
183,上海市,市辖区,91310000740290525C001P,上海瑞昌亚克力工业有限公司,初级形态塑料及合成树脂制造,2020-04-30至2023-04-29,2020-04-30
184,上海市,市辖区,91310000660778539R001X,有行鲨鱼（上海）科技股份有限公司,其他专用化学产品制造,2020-07-24至2023-07-23,2020-07-24
185,上海市,市辖区,91310118744944450K001U,上海赫玛工业涂料有限公司,涂料制造,2022-09-30至2027-09-29,2022-09-30
186,上海市,市辖区,9131011867116564X2001Q,上海新禾绿生物有机肥有限公司,有机肥料及微生物肥料制造,2020-09-01至2023-08-31,2020-08-15
187,上海市,市辖区,913101188322463883001Q,上海华谊精细化工有限公司上海开林造漆厂,涂料制造,2022-09-30至2027-09-29,2022-09-30
188,上海市,市辖区,913101186887606805001U,上海集丰复合材料有限公司,涂料制造,2022-01-17至2027-01-16,2022-01-17
189,上海市,市辖区,91310114320839526E001V,上海麟光新材料科技有限公司,无机盐制造,2022-09-30至2027-09-29,2022-09-30
190,上海市,市辖区,913101147579278019001X,上海畅消涂料有限公司,涂料制造,2021-10-13至2026-10-12,2021-10-13
191,上海市,市辖区,91310000607295634U001V,中涂化工（上海）有限公司2,涂料制造,2020-08-24至2023-08-23,2020-08-24
192,上海市,市辖区,91310000750570563L001Q,彩皇（上海）精密化学有限公司,涂料制造,2020-07-23至2023-07-22,2020-07-23
193,上海市,市辖区,91310000607295634U002U,中涂化工（上海）有限公司,涂料制造,2020-08-24至2023-08-23,2020-08-24
194,上海市,市辖区,91310117741606632R001P,上海生农生化制品股份有限公司,化学农药制造,2021-09-08至2026-09-07,2021-09-07
195,上海市,市辖区,913101187557386795001Q,上海柒柒漆业有限公司,涂料制造,2020-07-24至2023-07-23,2020-07-24
196,上海市,市辖区,913100007421315363001U,上海大宝化工制品有限公司,涂料制造,2022-09-29至2027-09-28,2022-09-29
197,上海市,市辖区,913101187561494463001Q,上海彩奇亮粉末涂料有限公司,涂料制造,2022-09-29至2027-09-28,2022-09-29
198,上海市,市辖区,92310230MA1M44PU6X001U,上海市崇明县袁峰胶水工厂,其他专用化学产品制造,2022-03-14至2027-03-13,2022-03-14
199,上海市,市辖区,91310115607299571T001V,上海申得欧有限公司,涂料制造,2022-09-29至2027-09-28,2022-09-29
200,上海市,市辖区,913101167333533647001X,上海耀岩化学品有限公司,专项化学用品制造,2022-09-29至2027-09-28,2022-09-29
201,上海市,市辖区,913101157595575414001Q,立邦新型材料（上海）有限公司,涂料制造,2022-09-29至2027-09-28,2022-09-29
202,上海市,市辖区,91310000607410268P001Q,千住金属（上海）有限公司,其他专用化学产品制造,2020-08-01至2023-07-31,2020-08-01
203,上海市,市辖区,91310000756966948U001V,上海彩星化工有限公司,染料制造,2020-08-30至2023-08-29,2020-08-29
204,上海市,市辖区,91310118134344351B001Y,上海云岭纳米新材料有限公司,专项化学用品制造,2022-09-28至2027-09-27,2022-09-28
205,上海市,市辖区,91310118748751381R001U,上海美好漆业有限公司,涂料制造,2022-09-28至2027-09-27,2022-09-28
206,上海市,市辖区,913100006793598016001U,上海墙特节能材料有限公司,涂料制造,2021-12-13至2026-12-12,2021-12-13
207,上海市,市辖区,91310118MA1JP87E37001U,进程新材料（上海）有限公司,涂料制造,2021-09-07至2026-09-06,2021-09-07
208,上海市,市辖区,91310118MA1JL82M51001Q,艾仕得粉末涂料（上海）有限公司,涂料制造,2020-08-19至2023-08-18,2020-08-19
209,上海市,市辖区,91310118698834540M001U,上海练科有机肥料厂,有机肥料及微生物肥料制造,2020-06-17至2023-06-16,2020-06-17
210,上海市,市辖区,91310000607426753N001V,汉高化学技术(上海)有限公司,其他专用化学产品制造,2022-09-27至2027-09-26,2022-09-27
211,上海市,市辖区,913101200678100408001P,上海华谊新材料有限公司,有机化学原料制造,2022-09-27至2027-09-26,2022-09-27
212,上海市,市辖区,913101181343005355001V,上海白鹤化工厂有限公司,香料、香精制造,2020-08-01至2023-07-31,2020-07-25
213,上海市,市辖区,913101187505767973001V,上海复旭分子筛有限公司,化学试剂和助剂制造,2020-08-01至2023-07-31,2020-07-25
214,上海市,市辖区,91310000756957304Q001V,华界化学（上海）有限公司,专项化学用品制造,2022-09-23至2027-09-22,2022-09-23
215,上海市,市辖区,91310000MA1JN1FN8R001U,易能瑞中新材料（上海）有限公司,涂料制造,2022-09-23至2027-09-22,2022-09-23
216,上海市,市辖区,91310118MA1JM39E68001Y,德鹿新材料技术（上海）有限公司,涂料制造,2021-10-01至2026-09-30,2021-10-01
217,上海市,市辖区,91310115555986125J002P,上海万力华生物科技有限公司-松江新建工厂,生物化学农药及微生物农药制造,2022-09-23至2027-09-22,2022-09-23
218,上海市,市辖区,913100006074164831001C,庄信万丰（上海）化工有限公司,化学试剂和助剂制造,2022-09-22至2027-09-21,2022-09-22
219,上海市,市辖区,91310115599750704Q001Q,上海顶航建筑材料有限公司,涂料制造,2022-09-20至2027-09-19,2022-09-20
220,上海市,市辖区,913101157595925826001U,伟思磊尤为涂层（上海）有限公司,涂料制造,2022-09-20至2027-09-19,2022-09-20
221,上海市,市辖区,91310118324626069F001P,上海安诺其科技有限公司,初级形态塑料及合成树脂制造,2021-12-22至2026-12-21,2021-11-22
222,上海市,市辖区,9131000058520960X6001P,上海亨斯迈聚氨酯特种材料有限公司,初级形态塑料及合成树脂制造,2022-07-21至2027-07-20,2022-07-21
223,上海市,市辖区,91310000MA1HQDP00B001P,罗姆化学（上海）有限公司,有机化学原料制造,2022-09-20至2027-09-19,2022-09-20
224,上海市,市辖区,91310000563123661N001Q,紫荆花涂料（上海）有限公司,涂料制造,2022-09-20至2027-09-19,2022-09-20
225,上海市,市辖区,913101165574932447001U,上海荟百精细化工有限公司,油墨及类似产品制造,2020-07-24至2023-07-23,2020-07-24
226,上海市,市辖区,91310116797023890G001P,上海强盛化工有限公司,其他合成材料制造,2021-12-21至2026-12-20,2021-12-03
227,上海市,市辖区,91310116552932228R001U,上海巴德士化工新材料有限公司,涂料制造,2020-07-24至2023-07-23,2020-07-24
228,上海市,市辖区,91310116662495241T002V,上海抚佳精细化工有限公司（三厂）,其他专用化学产品制造,2022-03-16至2027-03-15,2022-03-16
229,上海市,市辖区,91310000755721703E001Q,爱博斯迪科化学（上海）有限公司,其他专用化学产品制造,2022-02-08至2027-02-07,2022-02-08
230,上海市,市辖区,913100007109384740001P,上海赛科石油化工有限责任公司,有机化学原料制造,2022-08-01至2027-07-31,2022-08-01
231,上海市,市辖区,913101167800233842001P,上海绘兰材料科技有限公司,初级形态塑料及合成树脂制造,2022-09-16至2027-09-15,2022-09-16
232,上海市,市辖区,91310118834614914J001U,上海锐伟油墨涂料有限公司,油墨及类似产品制造,2022-09-16至2027-09-15,2022-09-16
233,上海市,市辖区,9131000060743477XJ001Q,四国化研（上海）有限公司,涂料制造,2022-09-14至2027-09-13,2022-09-14
234,上海市,市辖区,91310000729469313C001U,芬美意香料（中国）有限公司金都路,香料、香精制造,2020-08-21至2023-08-20,2020-08-21
235,上海市,市辖区,91310110630764689E001V,上海三爱思试剂有限公司,化学试剂和助剂制造,2020-08-28至2025-08-27,2020-08-28
236,上海市,市辖区,91310104133390022L001V,上海焦化化工发展商社,化学试剂和助剂制造,2020-08-26至2023-08-25,2020-08-26
237,上海市,市辖区,91310000558812016Y001V,阿克苏诺贝尔功能涂料（上海）有限公司,涂料制造,2022-09-14至2027-09-13,2022-09-14
238,上海市,市辖区,91310000744217739J001U,纪州喷码技术（上海）有限公司,油墨及类似产品制造,2022-09-14至2027-09-13,2022-09-14
239,上海市,市辖区,913100006074190944001V,巴克曼实验室化工（上海）有限公司,化学试剂和助剂制造,2022-09-14至2027-09-13,2022-09-14
240,上海市,市辖区,91310000MA1FL7DGXD001U,纳泡检测技术（上海）股份有限公司,有机肥料及微生物肥料制造,2022-01-20至2027-01-19,2022-01-20
241,上海市,市辖区,91310118740595097H001U,上海多纳尔化工有限公司,涂料制造,2022-01-27至2027-01-26,2022-01-27
242,上海市,市辖区,91310118MA1JLG5B6L001U,上海拜肯生物制品有限公司,有机肥料及微生物肥料制造,2020-09-01至2023-08-31,2020-08-25
243,上海市,市辖区,913101175741813061001U,上海凯克涂料有限公司,涂料制造,2022-09-14至2027-09-13,2022-09-14
244,上海市,市辖区,91310117134146873T001R,上海泗联实业有限公司,油墨及类似产品制造,2022-09-13至2027-09-12,2022-09-13
245,上海市,市辖区,91310112MA1GCEFJ8J001U,上海库弗新材料有限公司,涂料制造,2022-01-12至2027-01-11,2022-01-12
246,上海市,市辖区,91310116745643860M001P,上海赫腾精细化工有限公司,化学农药制造,2022-09-13至2027-09-12,2022-09-13
247,上海市,市辖区,91310000741165101P001Z,芳日香精（上海）有限公司,香料、香精制造,2021-11-01至2026-10-31,2021-11-01
248,上海市,市辖区,91310117798963577X001U,上海瀚昱环保材料有限公司,环境污染处理专用药剂材料制造,2021-04-14至2026-04-13,2021-04-13
249,上海市,市辖区,913100005931331315001V,花王（上海）化工有限公司,专项化学用品制造,2022-06-24至2027-06-23,2022-06-24
250,上海市,市辖区,91310113MA1GPHG24L001Q,上海环牧星生物科技有限公司,有机肥料及微生物肥料制造,2022-03-08至2027-03-07,2022-03-08
251,上海市,市辖区,913100007381411253001Z,上海飞凯材料科技股份有限公司,涂料制造,2021-08-03至2026-08-02,2021-08-03
252,上海市,市辖区,91310113MA1GPWMY5G001P,上海金醇实业有限公司,有机化学原料制造,2020-07-31至2023-07-30,2020-07-31
253,上海市,市辖区,91310118632011226R001U,上海金湖活性炭有限公司,林产化学产品制造,2021-12-13至2026-12-12,2021-12-13
254,上海市,市辖区,9131000070336015XQ001Q,泰克诺斯坚弗（上海）涂料有限公司,涂料制造,2021-12-24至2026-12-23,2021-12-24
255,上海市,市辖区,91310000607200180E001V,上海氯碱化工股份有限公司（天原区域）,初级形态塑料及合成树脂制造-聚氯乙烯,2022-09-06至2027-09-05,2022-09-06
256,上海市,市辖区,91310101132540025T001P,上海碳酸钙厂有限公司,无机盐制造,2021-09-18至2026-09-17,2021-09-18
257,上海市,市辖区,91310114631195887J001U,上海优伟油墨涂料有限公司,油墨及类似产品制造,2020-07-22至2023-07-21,2020-07-22
258,上海市,市辖区,9131011473543204XW001Q,上海明燕涂料有限公司,涂料制造,2020-07-22至2025-07-21,2020-07-22
259,上海市,市辖区,913101147381294840001Q,上海元极涂料有限公司,涂料制造,2020-08-04至2023-08-03,2020-08-04
260,上海市,市辖区,913101051322757351001P,上海树脂厂有限公司,初级形态塑料及合成树脂制造,2021-12-15至2026-12-14,2021-12-01
261,上海市,市辖区,9131011472949034XL001V,上海博能塑粉有限公司,初级形态塑料及合成树脂制造,2020-04-23至2023-04-22,2020-04-23
262,上海市,市辖区,913101146308232639001U,上海德欣香料有限公司,香料、香精制造,2020-07-23至2023-07-22,2020-07-23
263,上海市,市辖区,91310120093869708R001V,上海都进新材料科技有限公司,专项化学用品制造,2020-08-28至2023-08-27,2020-08-28
264,上海市,市辖区,91310120134001711D001U,上海平安涂料有限公司,涂料制造,2020-08-19至2023-08-18,2020-08-18
265,上海市,市辖区,91310000729485444T001P,松下电子材料(上海)有限公司,初级形态塑料及合成树脂制造,2021-11-12至2026-11-11,2021-11-11
266,上海市,市辖区,91310000607383431K001U,大金氟涂料（上海）有限公司,涂料制造,2022-08-31至2027-08-30,2022-08-31
267,上海市,市辖区,91310000607239894U001V,巴斯夫护理化学品（上海）有限公司,专项化学用品制造,2020-08-28至2023-08-27,2020-08-28
268,上海市,市辖区,913100007109365242001P,科思创聚合物（中国）有限公司,有机化学原料制造,2022-08-30至2027-08-29,2022-08-30
269,上海市,市辖区,91310116MA1JCWPD4J001Q,上海泓碳新材料科技有限公司,涂料制造,2022-08-30至2027-08-29,2022-08-30
270,上海市,市辖区,9131011567623451X1001Y,新美科工业产品（上海）有限公司,其他专用化学产品制造,2022-08-19至2027-08-18,2022-08-19
271,上海市,市辖区,91310120598167808N001P,上海舜斯新材料科技有限公司,初级形态塑料及合成树脂制造,2022-06-06至2027-06-05,2022-07-07
272,上海市,市辖区,91310120630948859Q001W,上海衡元高分子材料股份有限公司,其他专用化学产品制造,2022-08-08至2027-08-07,2022-08-08
273,上海市,市辖区,9131011772944903X8001V,上海洪济化工有限公司,专项化学用品制造,2020-07-26至2023-07-25,2020-07-25
274,上海市,市辖区,91310114133615359U001V,上海一品颜料有限公司,工业颜料制造,2020-07-24至2023-07-23,2020-07-24
275,上海市,市辖区,91310114753161634G001Q,上海华宝塑粉有限公司,涂料制造,2020-08-20至2023-08-19,2020-08-20
276,上海市,市辖区,913101146312850305001U,上海优易环保建筑技术有限公司,涂料制造,2020-08-20至2023-08-19,2020-08-20
277,上海市,市辖区,91310117072917571Q001Q,上海在宏涂料有限公司,涂料制造,2021-01-25至2026-01-24,2021-01-25
278,上海市,市辖区,91310000569589542B001C,赢创特种化学（上海）有限公司闵行分公司,化学试剂和助剂制造,2020-08-19至2023-08-18,2020-08-19
279,上海市,市辖区,913100006607636445001Q,创兴精细化学（上海）有限公司,涂料制造,2022-08-16至2027-08-15,2022-08-16
280,上海市,市辖区,91310120569646295T001V,上海星可高纯溶剂有限公司,化学试剂和助剂制造,2022-08-12至2027-08-11,2020-08-01
281,上海市,市辖区,91310000703006222W001U,威士伯涂料（上海）有限公司,涂料制造,2022-08-13至2027-08-12,2022-08-13
282,上海市,市辖区,913101147557117918001Q,上海瀛之宝化工涂料有限公司,涂料制造,2021-09-18至2026-09-17,2021-09-18
283,上海市,市辖区,91310114607728022D001Q,上海马士达实业有限公司,涂料制造,2022-08-12至2027-08-11,2022-08-12
284,上海市,市辖区,91310000607206523K001V,上海帕卡濑精有限公司,专项化学用品制造,2022-08-12至2027-08-11,2022-08-12
285,上海市,市辖区,91310000607200180E002V,上海氯碱化工股份有限公司（华胜区域）,无机碱制造,2022-08-11至2027-08-10,2022-08-11
286,上海市,市辖区,913100006073914825001P,上海东方罗门哈斯有限公司,初级形态塑料及合成树脂制造,2021-05-13至2026-05-12,2021-05-12
287,上海市,市辖区,91310000766462540L001P,赢创特种化学（上海）有限公司,有机化学原料制造,2021-09-23至2026-09-22,2021-09-23
288,上海市,市辖区,91310116MA1JEARCXP001U,上海复彦新材料有限公司,涂料制造,2022-07-22至2027-07-21,2022-07-22
289,上海市,市辖区,913101165618596592002Q,千浪化研新材料（上海）有限公司,涂料制造,2022-07-21至2027-07-20,2022-07-21
290,上海市,市辖区,91310000607369322U001C,德谦（上海）化学有限公司,初级形态塑料及合成树脂制造,2022-07-25至2027-07-24,2022-07-20
291,上海市,市辖区,91310116682257857Y001C,上海久绿生物有机肥有限公司,有机肥料及微生物肥料制造,2022-07-11至2027-07-10,2022-07-08
292,上海市,市辖区,913101168341482712001C,上海神鸣生物有机肥料厂,有机肥料及微生物肥料制造,2022-07-11至2027-07-10,2022-07-08
293,上海市,市辖区,91310000596413550M001V,中远关西涂料（上海）有限公司,涂料制造,2022-07-06至2027-07-05,2022-07-06
294,上海市,市辖区,913101207421280707001P,上海黛龙生物工程科技有限公司,有机化学原料制造,2020-09-30至2023-09-29,2020-09-29
295,上海市,市辖区,91310120750319192F001U,上海康美特科技发展有限公司,其他专用化学产品制造,2022-06-24至2027-06-23,2022-06-23
296,上海市,市辖区,91310116777620153K001X,上海三科涂料化工有限公司,涂料制造,2021-12-27至2026-12-26,2021-12-27
297,上海市,市辖区,91310000703010731K001V,上海信守助剂有限公司,专项化学用品制造,2020-08-20至2023-08-19,2020-08-20
298,上海市,市辖区,91310000779319495H001V,奎克化学（中国）有限公司,化学试剂和助剂制造,2022-06-20至2027-06-19,2022-06-20
299,上海市,市辖区,91310116586817412J001W,上海华谊涂料有限公司,涂料制造,2021-12-01至2026-11-30,2021-12-01
300,上海市,市辖区,9131023058349470XY001Q,上海胜维有机肥有限公司,有机肥料及微生物肥料制造,2022-03-24至2027-03-23,2022-03-24
301,上海市,市辖区,9131011667623697XT001V,上海嘉宝莉涂料有限公司,涂料制造,2022-06-06至2027-06-05,2022-06-06
302,上海市,市辖区,9131000066941175X4001V,博德精细化工（上海）有限公司,化学试剂和助剂制造,2020-08-01至2023-07-31,2020-08-01
303,上海市,市辖区,91310000054561567R001P,三井化学功能复合塑料（上海）有限公司,初级形态塑料及合成树脂制造,2021-12-21至2026-12-20,2021-12-09
304,上海市,市辖区,91310000770246138T001V,梯希爱（上海）化成工业发展有限公司,化学试剂和助剂制造,2022-05-06至2027-05-05,2022-05-06
305,上海市,市辖区,91310115630602372F001Q,上海海菱润滑脂二厂有限公司,其他专用化学产品制造,2020-08-21至2025-08-20,2020-08-21
306,上海市,市辖区,913101157793370013002V,中国石化催化剂有限公司上海分公司,化学试剂和助剂制造,2022-04-29至2027-04-28,2022-04-29
307,上海市,市辖区,913100007178697748001P,三菱化学化工原料（上海）有限公司,有机化学原料制造,2022-04-15至2027-04-14,2022-04-15
308,上海市,市辖区,91310120736676409E001V,浦杰香料（上海）有限公司,香料、香精制造,2020-08-28至2023-08-27,2020-08-27
309,上海市,市辖区,913100007109366398001P,上海亨斯迈聚氨酯有限公司,初级形态塑料及合成树脂制造,2022-01-01至2026-12-31,2021-11-08
310,上海市,市辖区,913101153123088560001Q,上海仁速新材料有限公司,其他专用化学产品制造,2020-08-21至2025-08-20,2020-08-21
311,上海市,市辖区,913101121326048772001V,上海京华化工厂有限公司,无机盐制造,2022-03-10至2027-03-09,2022-03-10
312,上海市,市辖区,91310120751474151B001U,上海惠广精细化工有限公司,其他专用化学产品制造,2020-08-26至2023-08-25,2020-08-25
313,上海市,市辖区,913101201340477444001V,上海申光食用化学品有限公司,其他专用化学产品制造,2020-12-03至2023-12-02,2020-12-02
314,上海市,市辖区,91310116557495418A001Q,笙翔实业（上海）有限公司,涂料制造,2022-03-02至2027-03-01,2022-03-02
315,上海市,市辖区,91310000710936612G001P,上海巴斯夫聚氨酯有限公司,有机化学原料制造,2022-02-28至2027-02-27,2022-02-28
316,上海市,市辖区,91310000MA1K38CF47006P,中国石化上海高桥石油化工有限公司化工部,有机化学原料制造,2022-01-01至2026-12-31,2021-11-12
317,上海市,市辖区,91310116MA1JBPMC24001U,上海召巨新材料科技有限公司,涂料制造,2022-02-16至2027-02-15,2022-02-16
318,上海市,市辖区,913101167505915598001V,上海台界化工有限公司,专项化学用品制造,2022-02-15至2027-02-14,2022-02-15
319,上海市,市辖区,913101166958395309001V,上海奥威日化有限公司,专项化学用品制造,2022-02-15至2027-02-14,2022-02-15
320,上海市,市辖区,913101157295153402001U,上海欧利生东邦涂料有限公司,涂料制造,2020-07-27至2025-07-26,2020-07-27
321,上海市,市辖区,91310000133501183B001Q,康达新材料（集团）股份有限公司,其他专用化学产品制造,2020-08-25至2023-08-24,2020-08-24
322,上海市,市辖区,91310120134021982J001V,上海荣建化工厂有限公司,无机盐制造,2020-06-19至2023-06-18,2020-06-18
323,上海市,市辖区,91310116662439397N001V,上海试四化学品有限公司,化学试剂和助剂制造,2022-01-27至2027-01-26,2022-01-27
324,上海市,市辖区,91310114631657842B001Y,上海中翔精细化工有限公司,专项化学用品制造,2022-01-26至2027-01-25,2022-01-26
325,上海市,市辖区,91310000783608302Y001V,上海色如丹数码科技股份有限公司,染料制造,2022-01-27至2027-01-26,2022-01-26
326,上海市,市辖区,91310116323198795J001V,上海顶煦化学品有限公司,专项化学用品制造,2020-07-24至2023-07-23,2020-07-24
327,上海市,市辖区,913101157030051748001Q,普罗生物技术（上海）有限公司,有机肥料及微生物肥料制造,2022-01-10至2027-01-09,2022-01-10
328,上海市,市辖区,91310120692908115A001U,上海巴世夫化工涂料有限公司,涂料制造,2020-08-26至2023-08-25,2020-08-25
329,上海市,市辖区,91310120743782592L001V,上海亿际化工有限公司,其他基础化学原料制造,2020-08-30至2023-08-29,2020-08-29
330,上海市,市辖区,91310000666055630H001Q,佩特化工（上海）有限公司,涂料制造,2022-01-14至2027-01-13,2022-01-13
331,上海市,市辖区,913100006074157473001U,盛威科（上海）油墨有限公司,油墨及类似产品制造,2022-01-05至2027-01-04,2022-01-05
332,上海市,市辖区,91310000777120941H001U,艾仕得涂料系统（上海）有限公司,涂料制造,2022-01-04至2027-01-03,2022-01-04
333,上海市,市辖区,9131011476534741X0001P,上海雄润树脂有限公司,其他合成材料制造,2021-12-19至2026-12-18,2021-12-19
334,上海市,市辖区,9131011570348331XL001V,中钞油墨有限公司,油墨及类似产品制造,2019-12-20至2024-12-19,2019-12-20
335,上海市,市辖区,91310115607328467U001V,上海凯密特尔化学品有限公司,专项化学用品制造,2020-07-27至2025-07-26,2020-07-27
336,上海市,市辖区,91310114703439095P001P,上海宝荃塑料有限公司,初级形态塑料及合成树脂制造,2021-12-15至2026-12-14,2021-12-15
337,上海市,市辖区,91310000607383001R001P,湛新树脂（上海）有限公司,初级形态塑料及合成树脂制造,2022-01-01至2026-12-31,2021-12-22
338,上海市,市辖区,913101051322757351002P,上海树脂厂有限公司有机硅分厂,初级形态塑料及合成树脂制造,2021-12-20至2026-12-19,2021-12-20
339,上海市,市辖区,913101166317166038001X,上海平海涂料有限公司,涂料制造,2021-12-17至2026-12-16,2021-12-17
340,上海市,市辖区,91310116558803486P001Y,上海普利特化工新材料有限公司,合成纤维单(聚合)体制造,2021-12-21至2026-12-20,2021-12-17
341,上海市,市辖区,91310000607412968X001Q,昆仑涂料（上海）有限公司,涂料制造,2021-12-17至2026-12-16,2021-12-17
342,上海市,市辖区,91310000607339123C001P,埃肯有机硅（上海）有限公司,初级形态塑料及合成树脂制造,2021-12-08至2026-12-07,2021-12-08
343,上海市,市辖区,91310000710936620B001P,上海联恒异氰酸酯有限公司,有机化学原料制造,2021-12-09至2026-12-08,2021-12-09
344,上海市,市辖区,913100005931521484001W,理研亚西亚香料（上海）有限公司,香料、香精制造,2020-12-26至2023-12-25,2020-12-25
345,上海市,市辖区,91310115751494902Y001P,上海元邦化工制造有限公司,初级形态塑料及合成树脂制造,2022-01-01至2026-12-31,2022-01-01
346,上海市,市辖区,91310000607333426B001V,上海索理思特种化学品有限公司,专项化学用品制造,2020-07-31至2023-07-30,2020-07-31
347,上海市,市辖区,91310000580625903L001P,上海申星化工有限公司漕泾分公司,有机化学原料制造,2020-08-28至2023-08-27,2020-08-28
348,上海市,市辖区,913100007575731857001U,富林特油墨（上海）有限公司,油墨及类似产品制造,2021-12-02至2026-12-01,2021-12-02
349,上海市,市辖区,91310000607309645R001U,上海维格拉印刷器材有限公司,油墨及类似产品制造,2021-12-02至2026-12-01,2021-12-02
350,上海市,市辖区,913100005619271483001W,上海好林化学有限公司,专项化学用品制造,2020-08-24至2023-08-23,2020-08-24
351,上海市,市辖区,91310115555953323T001Y,上海迪瑟克化工有限公司,其他专用化学产品制造,2020-07-27至2025-07-26,2020-07-27
352,上海市,市辖区,9131000075430334XT001Y,马肯依玛士（上海）标识科技有限公司,油墨及类似产品制造,2021-12-02至2026-12-01,2021-12-01
353,上海市,市辖区,913101157878429486001V,上海创丰特殊树脂有限公司,涂料制造,2020-08-21至2025-08-20,2020-08-21
354,上海市,市辖区,91310120691558379E001P,东胜化学（上海）有限公司,初级形态塑料及合成树脂制造,2022-01-01至2026-12-31,2021-11-29
355,上海市,市辖区,91310000607423018L001Q,上海赐保康农业技术有限公司,有机肥料及微生物肥料制造,2021-11-19至2026-11-18,2021-11-19
356,上海市,市辖区,913101207529270365001W,上海美格斯涂料有限公司,涂料制造,2020-08-28至2023-08-27,2020-08-27
357,上海市,市辖区,913101167630377093001V,上海金狮化工有限公司,专项化学用品制造,2021-11-15至2026-11-14,2021-11-15
358,上海市,市辖区,91310112630573647C001U,上海拜伦化工有限公司,涂料制造,2020-08-24至2023-08-23,2020-08-24
359,上海市,市辖区,91310114734057372G001P,上海楚艺佳有机硅材料有限公司,其他合成材料制造,2021-12-15至2026-12-14,2021-11-12
360,上海市,市辖区,9131000075384446XF001P,上海博立尔化工有限公司,初级形态塑料及合成树脂制造,2021-12-15至2026-12-14,2021-11-12
361,上海市,市辖区,91310000691624348J001P,三菱瓦斯化学工程塑料（上海）有限公司,初级形态塑料及合成树脂制造,2022-01-01至2026-12-31,2021-11-12
362,上海市,市辖区,913101166778693575001V,上海仙佳化工有限公司,化学试剂和助剂制造,2020-08-24至2023-08-23,2020-08-24
363,上海市,市辖区,913101166988249167001W,上海东睿化学有限公司,其他专用化学产品制造,2020-07-24至2023-07-23,2020-07-24
364,上海市,市辖区,91310116566563515F001Q,上海甘田光学材料有限公司,其他专用化学产品制造,2020-08-24至2023-08-23,2020-08-24
365,上海市,市辖区,91310000733344636F001Y,上海良田化工有限公司,化学试剂和助剂制造,2020-07-24至2023-07-23,2020-07-24
366,上海市,市辖区,91310000607395336K001P,上海金森石油树脂有限公司,初级形态塑料及合成树脂制造,2021-11-10至2026-11-09,2021-11-10
367,上海市,市辖区,91310000596423505P001P,上海中石化三井弹性体有限公司,合成橡胶制造,2022-01-01至2026-12-31,2021-11-08
368,上海市,市辖区,9131000060742212X5001P,上纬新材料科技股份有限公司,初级形态塑料及合成树脂制造,2021-11-05至2026-11-04,2021-11-05
369,上海市,市辖区,91310117607493083C001P,上海科捷佳实业有限公司,化学农药制造,2021-11-05至2026-11-04,2021-11-05
370,上海市,市辖区,91310120740599477Y001X,上海欧尚涂料制造有限公司,涂料制造,2020-08-28至2023-08-27,2020-08-27
371,上海市,市辖区,913101207514551021001Q,上海阿宝实业有限公司,涂料制造,2020-08-19至2023-08-18,2020-08-18
372,上海市,市辖区,91310000754768366J002V,生工生物工程（上海）股份有限公司,专项化学用品制造,2020-08-30至2023-08-29,2020-08-29
373,上海市,市辖区,913100007294697511001V,多玛得（上海）精细化工有限公司,工业颜料制造,2020-08-30至2023-08-29,2020-08-29
374,上海市,市辖区,9131011763163443XD001P,上海罗万科技发展有限公司,有机化学原料制造,2020-08-30至2023-08-29,2020-08-29
375,上海市,市辖区,913101171341611415001V,上海民乐化工有限公司,无机盐制造,2020-08-30至2023-08-29,2020-08-29
376,上海市,市辖区,913101165680216056001Q,上海欣旭化工有限公司,涂料制造,2021-11-03至2026-11-02,2021-11-03
377,上海市,市辖区,913101165964675163001Q,上海科罗纳精细化工有限公司,涂料制造,2020-07-24至2023-07-23,2020-07-24
378,上海市,市辖区,91310116789545365M001P,上海联乐化工科技有限公司,初级形态塑料及合成树脂制造,2021-11-01至2026-10-31,2021-11-01
379,上海市,市辖区,9131011669015601XD001Q,上海葆钰实业有限公司,涂料制造,2021-11-01至2026-10-31,2021-11-01
380,上海市,市辖区,913100007766625624001U,上海小鸟油漆有限公司,涂料制造,2021-11-01至2026-10-31,2021-11-01
381,上海市,市辖区,91310000575801407A001U,上海磐彩环保科技股份有限公司,涂料制造,2021-11-01至2026-10-31,2021-11-01
382,上海市,市辖区,91310116666005377Y001U,上海巩邦印刷材料有限公司,油墨及类似产品制造,2020-07-24至2023-07-23,2020-07-24
383,上海市,市辖区,91310116596405964U001U,上海华侠化工科技有限公司,涂料制造,2020-07-24至2023-07-23,2020-07-24
384,上海市,市辖区,9131000075382010XU001C,中天科盛（上海）企业发展股份有限公司,合成橡胶制造,2020-08-27至2023-08-26,2020-08-27
385,上海市,市辖区,913101166987956767001Q,上海峰彩实业有限公司,涂料制造,2020-07-24至2023-07-23,2020-07-24
386,上海市,市辖区,91310116666051437A001U,上海博歌建材有限公司,涂料制造,2020-07-24至2023-07-23,2020-07-24
387,上海市,市辖区,913101167034834402001U,上海景江化工有限公司,涂料制造,2020-07-24至2023-07-23,2020-07-24
388,上海市,市辖区,91310116674631220X001U,上海三恩化工有限公司,涂料制造,2020-07-24至2023-07-23,2020-07-24
389,上海市,市辖区,91310000598148906R001X,享居派（上海）科技股份有限公司,涂料制造,2020-08-24至2023-08-23,2020-08-24
390,上海市,市辖区,913100007653320582002U,上海奇想青晨新材料科技股份有限公司,其他专用化学产品制造,2020-08-28至2023-08-27,2020-08-28
391,上海市,市辖区,913100007752385084001U,上海成宙化工有限公司,环境污染处理专用药剂材料制造,2020-08-24至2023-08-23,2020-08-24
392,上海市,市辖区,91310000662435089J001V,科凯精细化工（上海）有限公司,专项化学用品制造,2020-08-28至2023-08-27,2020-08-28
393,上海市,市辖区,91310116698762153J001V,上海宏韵新型建材有限公司,专项化学用品制造,2020-08-21至2023-08-20,2020-08-21
394,上海市,市辖区,91310000607398529W001V,上海佳和化学有限公司,化学试剂和助剂制造,2021-10-30至2026-10-29,2021-10-29
395,上海市,市辖区,91310120695784816K001Q,西卡德高（上海）建材有限公司,涂料制造,2020-08-25至2023-08-24,2020-08-24
396,上海市,市辖区,91310000771471345C001U,上海爱勒化工有限公司,油墨及类似产品制造,2020-08-30至2023-08-29,2020-08-29
397,上海市,市辖区,91310000682263886E001Q,沪宝新材料科技（上海）股份有限公司,涂料制造,2021-10-29至2026-10-28,2021-10-29
398,上海市,市辖区,913101147032064356001P,上海海顿塑胶有限公司,初级形态塑料及合成树脂制造,2020-08-29至2023-08-28,2020-08-28
399,上海市,市辖区,913101201321235391001R,上海新利涂料有限公司,涂料制造,2020-11-14至2023-11-13,2020-11-13
400,上海市,市辖区,91310000598168405R002P,氰特工程材料（上海）有限公司,其他合成材料制造,2020-08-30至2023-08-29,2020-08-29
401,上海市,市辖区,913101207442214985001V,上海中锂实业有限公司,专项化学用品制造,2020-08-26至2023-08-25,2020-08-25
402,上海市,市辖区,91310114753159892X001V,上海康复特生物化学有限公司,专项化学用品制造,2020-07-23至2023-07-22,2020-07-23
403,上海市,市辖区,91310120742687032D001Q,上海香榭丽涂料有限公司,涂料制造,2021-10-30至2026-10-29,2021-10-29
404,上海市,市辖区,91310120743780378B001Q,上海振泰新材料科技有限公司,涂料制造,2020-12-03至2023-12-02,2020-12-02
405,上海市,市辖区,9131000056313669XX001C,琦丽（上海）塑粉有限公司,涂料制造,2020-08-28至2023-08-27,2020-08-27
406,上海市,市辖区,91310116754770802M001Z,上海澎博钛白粉有限公司,工业颜料制造,2021-10-26至2026-10-25,2021-10-26
407,上海市,市辖区,91310120134046856R001P,上海同瑞生物科技有限公司,生物化学农药及微生物农药制造,2020-08-28至2023-08-27,2020-08-27
408,上海市,市辖区,913101167411659969001W,上海麦伦日化有限公司,专项化学用品制造,2021-10-25至2026-10-24,2021-10-25
409,上海市,市辖区,9131011679701269X0001Q,万果新材料科技（上海）有限公司,其他专用化学产品制造,2021-10-25至2026-10-24,2021-10-25
410,上海市,市辖区,91310115797056414C001V,上海拱极化学有限公司,无机盐制造,2020-07-27至2025-07-26,2020-07-27
411,上海市,市辖区,913100007385256042001Q,麦加芯彩新材料科技(上海)股份有限公司,涂料制造,2020-08-28至2023-08-27,2020-08-28
412,上海市,市辖区,913101157793370013001V,中国石化催化剂有限公司上海分公司（卫五北路）,化学试剂和助剂制造,2020-08-28至2023-08-27,2020-08-28
413,上海市,市辖区,913101136810128070001U,上海宝平建材有限公司,涂料制造,2020-07-24至2023-08-23,2020-07-24
414,上海市,市辖区,91310113748081568M001U,上海雄耐建筑材料有限公司,涂料制造,2020-07-24至2023-07-23,2020-07-24
415,上海市,市辖区,91310107832399675T001Q,上海万城防伪油墨有限公司长征分公司,油墨及类似产品制造,2020-09-01至2023-08-31,2020-09-01
416,上海市,市辖区,913101175587973547001W,上海雷鸟涂料有限公司,涂料制造,2020-07-24至2023-07-23,2020-07-24
417,上海市,市辖区,913101175500604112001Y,上海刘冬建筑装潢材料有限公司,涂料制造,2020-07-24至2023-07-23,2020-07-24
418,上海市,市辖区,913100006073178728001V,陶氏有机硅（上海）有限公司,化学试剂和助剂制造,2021-09-28至2026-09-27,2021-09-28
419,上海市,市辖区,913100005631235738001Q,上海昭和电子化学材料有限公司,环境污染处理专用药剂材料制造,2021-09-22至2026-09-21,2021-09-22
420,上海市,市辖区,913100001333857921001V,上海卡博特化工有限公司,化学试剂和助剂制造,2020-08-25至2023-08-24,2020-08-25
421,上海市,市辖区,9131000060731126XD001Q,上海祥乐田村电化工业有限公司,其他专用化学产品制造,2021-09-18至2026-09-17,2021-09-18
422,上海市,市辖区,91310230312429260H001Y,上海骏懿香精香料有限公司,香料、香精制造,2021-09-18至2026-09-17,2021-09-18
423,上海市,市辖区,913101147557198576001Q,浩力森涂料（上海）有限公司,涂料制造,2020-07-22至2023-07-21,2020-07-22
424,上海市,市辖区,91310114746169240Q001Q,北新月皇地坪材料（上海）有限公司,涂料制造,2020-08-20至2023-08-19,2020-08-20
425,上海市,市辖区,913100006072615065001Q,上海古雷马化轻有限公司,涂料制造,2020-08-04至2023-08-03,2020-08-04
426,上海市,市辖区,913101147294485207001Q,上海时佳涂料有限公司,涂料制造,2020-08-04至2023-08-03,2020-08-04
427,上海市,市辖区,913100007030013092001U,上海贝通色彩科技有限公司,油墨及类似产品制造,2020-08-20至2023-08-19,2020-08-20
428,上海市,市辖区,91310000739785555E001Q,上海国丽粉体涂料有限公司,涂料制造,2020-07-22至2023-07-21,2020-07-22
429,上海市,市辖区,91310114746198906Y001V,上海天泽化工有限公司,专项化学用品制造,2020-07-31至2023-07-30,2020-07-31
430,上海市,市辖区,91310113557484292A001U,上海华染涂料科技有限公司,涂料制造,2020-07-31至2025-07-30,2020-07-31
431,上海市,市辖区,9131000074725755XQ001Q,西卡汽车（上海）有限公司,其他专用化学产品制造,2020-08-01至2023-07-31,2020-08-01
432,上海市,市辖区,91310000MA1HYANF6G001Q,特柯涂料（上海）有限公司,涂料制造,2021-08-19至2026-08-18,2021-08-18
433,上海市,市辖区,91310117797056350B001P,上海绿泽生物科技有限责任公司,化学农药制造,2021-08-19至2026-08-18,2021-08-18
434,上海市,市辖区,913100006072512525001V,迈伯仕化学建材（中国）有限公司,专项化学用品制造,2020-08-20至2025-08-19,2020-08-20
435,上海市,市辖区,91310114093688384C001W,上海嘉盛节能科技有限公司,涂料制造,2020-08-04至2023-08-03,2020-08-04
436,上海市,市辖区,91310114703360301N001Q,上海里德化工有限公司,涂料制造,2020-08-04至2023-08-03,2020-08-04
437,上海市,市辖区,91310114630639300D001Q,上海佳吉粉末涂装有限公司,涂料制造,2020-07-22至2023-07-21,2020-07-22
438,上海市,市辖区,91310114778920238P001Q,上海波什尔涂料有限公司,涂料制造,2020-07-22至2023-07-21,2020-07-22
439,上海市,市辖区,91310120791401694H001U,上海古象化工科技发展有限公司,涂料制造,2020-08-26至2023-08-25,2020-08-25
440,上海市,市辖区,91310114631238867A001U,上海开楷科技有限公司,油墨及类似产品制造,2020-07-23至2023-07-22,2020-07-23
441,上海市,市辖区,91310114350956336N002U,上海嘉彤粉末涂料有限公司,涂料制造,2020-08-21至2023-08-20,2020-08-21
442,上海市,市辖区,91310114749566970T001U,上海御龙新型防水材料有限公司,涂料制造,2020-07-23至2023-07-22,2020-07-23
443,上海市,市辖区,91310116MA1JA91F4Y001U,上海岩皇环保科技有限公司,涂料制造,2021-07-14至2026-07-13,2021-07-14
444,上海市,市辖区,91310000566538993R001V,立邦工业涂料（上海）有限公司,涂料制造,2021-07-12至2026-07-11,2021-07-12
445,上海市,市辖区,91310120685460500Q001P,上海保立佳新材料有限公司,初级形态塑料及合成树脂制造,2021-06-01至2026-05-31,2021-05-31
446,上海市,市辖区,91310117332588648X001V,上海加新生物科技有限公司,专项化学用品制造,2020-08-20至2023-08-19,2020-08-20
447,上海市,市辖区,91310115607258729K002P,富美实（上海）农业科技有限公司,化学农药制造,2021-01-01至2025-12-31,2020-12-25
448,上海市,市辖区,91310000774323671U001P,上海万溯药业有限公司,有机化学原料制造,2021-05-22至2026-05-21,2021-05-21
449,上海市,市辖区,91310116MA1J8LFB24001Q,上海又冉生态农业科技有限公司,有机肥料及微生物肥料制造,2021-05-19至2026-05-18,2021-05-19
450,上海市,市辖区,9131011613215268X1001X,上海欣鑫化工有限公司,化学试剂和助剂制造,2021-03-16至2026-03-15,2021-03-16
451,上海市,市辖区,913101137557067147001U,上海海隆赛能新材料有限公司,涂料制造,2020-09-01至2023-08-31,2020-09-01
452,上海市,市辖区,91310115667846039J001Q,上海森农环保科技有限公司,有机肥料及微生物肥料制造,2020-07-24至2023-07-23,2020-07-24
453,上海市,市辖区,9131011678281805XQ001Q,上海瑞年精细化工有限公司,其他专用化学产品制造,2020-08-24至2023-08-23,2020-08-24
454,上海市,市辖区,913101205559065001001Q,上海超晖建材有限公司,涂料制造,2021-02-26至2026-02-25,2021-02-26
455,上海市,市辖区,913101133327464822001Q,岩壁（上海）涂料有限公司,涂料制造,2021-02-26至2026-02-25,2021-02-26
456,上海市,市辖区,9131000060740559X9001V,上海麦斯特建工高科技建筑化工有限公司,专项化学用品制造,2020-08-19至2023-08-18,2020-08-19
457,上海市,市辖区,91310117585203937L001U,上海夺冠化工科技有限公司,涂料制造,2021-02-25至2024-02-24,2021-02-25
458,上海市,市辖区,91310000797074727U001V,优尔稀聚合物（中国）有限公司,其他专用化学产品制造,2020-08-01至2023-07-31,2020-08-01
459,上海市,市辖区,913100001333659275001P,上海群力化工有限公司,化学农药制造,2021-01-01至2025-12-31,2020-12-28
460,上海市,市辖区,91310116631008789D001P,上海石化联新催化剂研究所有限公司,化学试剂和助剂制造,2020-08-27至2023-08-26,2020-08-27
461,上海市,市辖区,913101165647758994001V,上海沃凯生物技术有限公司,化学试剂和助剂制造,2020-08-21至2023-08-20,2020-08-21
462,上海市,市辖区,913101145618905766001Q,上海德粼水性油墨有限公司,油墨及类似产品制造,2020-08-24至2023-08-23,2020-08-24
463,上海市,市辖区,913101157664518251001V,康达特(上海）化学制品有限公司,专项化学用品制造,2020-08-01至2023-07-31,2020-08-01
464,上海市,市辖区,913100001321244277002P,上海恒业分子筛股份有限公司楚华路,其他合成材料制造,2020-12-31至2023-12-30,2020-12-30
465,上海市,市辖区,91310000671175362Y001Q,迪芘油墨（上海）有限公司,油墨及类似产品制造,2020-07-24至2023-07-23,2020-07-24
466,上海市,市辖区,91310000739797855M001P,上海禾本药业股份有限公司,化学农药制造,2021-01-01至2025-12-31,2020-12-28
467,上海市,市辖区,913101167492780716001T,上海深日化工有限公司,油墨及类似产品制造,2020-08-27至2023-08-26,2020-08-27
468,上海市,市辖区,9131011735076166XU001Q,上海美幻实业有限公司,涂料制造,2020-12-24至2023-12-23,2020-12-24
469,上海市,市辖区,9131011279272759XF001X,上海环综实业有限公司,其他专用化学产品制造,2020-12-22至2023-12-21,2020-12-22
470,上海市,市辖区,913101125630920170001W,上海柏亦新材料科技有限公司,油墨及类似产品制造,2020-12-18至2023-12-17,2020-12-18
471,上海市,市辖区,913101147664637543002Q,上海顺威环保科技有限公司（德力西路分厂）,油墨及类似产品制造,2020-08-21至2023-08-20,2020-08-21
472,上海市,市辖区,91310113069339635L001X,上海翔川油墨有限公司,油墨及类似产品制造,2020-08-04至2023-08-03,2020-08-04
473,上海市,市辖区,913101167030246158001U,上海乘鹰新材料有限公司,涂料制造,2020-07-24至2023-07-23,2020-07-24
474,上海市,市辖区,91310000795685161D001U,鸥哈希化学工业（上海）有限公司,涂料制造,2020-07-24至2023-07-23,2020-07-23
475,上海市,市辖区,9131011670334431XQ001X,上海汉中涂料有限公司,涂料制造,2020-07-24至2023-07-23,2020-07-24
476,上海市,市辖区,913101165601545691001Q,上海正欧实业有限公司,涂料制造,2020-08-27至2023-08-26,2020-08-27
477,上海市,市辖区,91310116776299281W001U,上海斯典化工有限公司,涂料制造,2020-07-24至2023-07-23,2020-07-24
478,上海市,市辖区,913100007653320582001Q,上海奇想青晨新材料科技股份有限公司（南亭公路）,涂料制造,2020-07-24至2023-07-23,2020-07-24
479,上海市,市辖区,91310115133560124C001W,上海高桥大同净水材料有限公司,专项化学用品制造,2020-10-23至2023-10-22,2020-10-23
480,上海市,市辖区,913101071329303066001U,上海曹杨建筑粘合剂厂,其他专用化学产品制造,2020-09-01至2023-08-31,2020-08-29
481,上海市,市辖区,91310114745609646A001U,上海豪士环境化学品有限公司,涂料制造,2020-08-28至2023-08-27,2020-08-28
482,上海市,市辖区,913100007178655463001P,上海中石化三井化工有限公司,有机化学原料制造,2020-08-28至2023-08-27,2020-08-28
483,上海市,市辖区,913101165559686210001V,上海东大化学有限公司,专项化学用品制造,2020-08-28至2023-08-27,2020-08-28
484,上海市,市辖区,913100007970214069001V,飞赛提（中国）聚合物有限公司,其他专用化学产品制造,2020-08-28至2023-08-27,2020-08-28
485,上海市,市辖区,91310000607384549A001U,理想（上海）印刷器材有限公司,油墨及类似产品制造,2020-08-29至2023-08-28,2020-08-28
486,上海市,市辖区,91310116586831150K001V,中轻日化科技有限公司,专项化学用品制造,2020-08-28至2023-08-27,2020-08-28
487,上海市,市辖区,91310116755725069P001V,上海欣年石化助剂有限公司,化学试剂和助剂制造,2020-08-28至2023-08-27,2020-08-28
488,上海市,市辖区,913101167878670964001V,上海发凯化工有限公司,专项化学用品制造,2020-08-28至2023-08-27,2020-08-28
489,上海市,市辖区,91310116662495241T001P,上海抚佳精细化工有限公司,有机化学原料制造,2020-08-28至2023-08-27,2020-08-28
490,上海市,市辖区,913101167569681185001P,上海春宝化工有限公司,有机化学原料制造,2020-08-28至2023-08-27,2020-08-28
491,上海市,市辖区,91310120632159917T001Q,上海卡洛油墨有限公司,油墨及类似产品制造,2020-08-29至2023-08-28,2020-08-28
492,上海市,市辖区,91310115550048439A001U,上海世壮新能源科技有限公司,其他专用化学产品制造,2020-08-26至2023-08-25,2020-08-26
493,上海市,市辖区,91310120729470197G001U,上海鑫宝漆业有限公司,涂料制造,2020-08-28至2023-08-27,2020-08-27
494,上海市,市辖区,91310120055916059L001V,上海舜雅化工有限公司,化学试剂和助剂制造,2020-08-28至2023-08-27,2020-08-27
495,上海市,市辖区,913101155631437857001X,上海常荣新材料有限公司,涂料制造,2020-08-24至2023-08-23,2020-08-24
496,上海市,市辖区,91310115582101302F001U,上海归鸿实业有限公司,涂料制造,2020-08-21至2023-08-20,2020-08-21
497,上海市,市辖区,913101157639831057001U,上海维港精细化工有限公司,其他专用化学产品制造,2020-08-21至2023-08-20,2020-08-21
498,上海市,市辖区,91310115630309678X001Q,上海考雷精细化工有限公司,涂料制造,2020-08-21至2023-08-20,2020-08-21
499,上海市,市辖区,91310120630921146L001Q,上海申峰涂料制造有限公司,涂料制造,2020-08-26至2023-08-25,2020-08-25
500,上海市,市辖区,91310120759577374U001U,上海澳凡涂料有限公司,涂料制造,2020-08-26至2023-08-25,2020-08-25
501,上海市,市辖区,91310120132126692W001Q,上海运来涂料有限公司,涂料制造,2020-08-26至2023-08-25,2020-08-25
502,上海市,市辖区,91310112749565476W001Q,上海驰彩油墨有限公司,油墨及类似产品制造,2020-08-24至2023-08-23,2020-08-24
503,上海市,市辖区,91310112607207809X001V,亨斯迈聚氨酯（中国）有限公司,专项化学用品制造,2020-08-24至2023-08-23,2020-08-24
504,上海市,市辖区,9131023074494547X7001U,上海康堡有机肥料有限公司,有机肥料及微生物肥料制造,2020-08-24至2023-08-23,2020-08-24
505,上海市,市辖区,913102305542776858001W,上海聚源有机肥有限公司,有机肥料及微生物肥料制造,2020-08-24至2023-08-23,2020-08-24
506,上海市,市辖区,91310114320798402Y001U,上海技荐实业有限公司,涂料制造,2020-08-24至2023-08-23,2020-08-24
507,上海市,市辖区,91310116132271355D001V,上海多纶化工有限公司,专项化学用品制造,2020-08-24至2023-08-23,2020-08-24
508,上海市,市辖区,9131000067117073X2001Y,海罗索斯净水科技（上海）有限公司,专项化学用品制造,2020-08-24至2023-08-23,2020-08-24
509,上海市,市辖区,92310230MA1M4C6E6R001Q,上海市崇明县中亚涂料厂,涂料制造,2020-08-31至2023-08-30,2020-08-31
510,上海市,市辖区,91310230MA1JXMGAXK001W,上海体普工贸有限公司崇明分公司,涂料制造,2020-08-31至2023-08-30,2020-08-31
511,上海市,市辖区,91310000669375031C001P,欧诺法化学（上海）有限公司,合成橡胶制造,2020-08-25至2023-08-24,2020-08-25
512,上海市,市辖区,91310000552936923K001W,不二精细化工（上海）有限公司,其他基础化学原料制造,2020-08-21至2023-08-20,2020-08-21
513,上海市,市辖区,913100007970037421001V,上海豪胜化工科技有限公司,化学试剂和助剂制造,2020-08-21至2023-08-20,2020-08-21
514,上海市,市辖区,91310114133618648E001V,上海白熊药业有限公司,香料、香精制造,2020-08-21至2023-08-20,2020-08-21
515,上海市,市辖区,913100006073673860001Y,上海基成达申防水材料有限公司,涂料制造,2020-08-20至2023-08-19,2020-08-20
516,上海市,市辖区,91310000749257721N001Q,凯钛建材（上海）有限公司,涂料制造,2020-08-20至2023-08-19,2020-08-20
517,上海市,市辖区,913102303987679216001P,上海越大节能科技有限公司,有机化学原料制造,2020-08-19至2023-08-18,2020-08-19
518,上海市,市辖区,91310000695837842P001Q,上海藤仓化成涂料有限公司,涂料制造,2020-08-19至2023-08-18,2020-08-18
519,上海市,市辖区,913101141336276593001V,上海市嘉定区泡化碱厂,无机盐制造,2020-08-07至2023-08-06,2020-08-07
520,上海市,市辖区,91310117687348635T001P,上海鹤城高分子科技有限公司,初级形态塑料及合成树脂制造,2020-08-06至2023-08-05,2020-08-05
521,上海市,市辖区,913101205981055000001V,上海鸿鹄化工科技有限公司,涂料制造,2020-08-02至2023-08-01,2020-08-01
522,上海市,市辖区,91310000MA1HQFPC4J001Q,钛阳化学新材料（上海）有限公司,油墨及类似产品制造,2020-08-01至2023-07-31,2020-08-01
523,上海市,市辖区,91310116690180490E001V,上海邦高化学有限公司,专项化学用品制造,2020-07-24至2023-07-23,2020-07-24
524,上海市,市辖区,91310116062556952D001V,上海浦景化工新材料有限公司,专项化学用品制造,2020-07-24至2023-07-23,2020-07-24
525,上海市,市辖区,91310000773263208R001U,东来涂料技术（上海）股份有限公司,涂料制造,2020-07-25至2023-07-24,2020-07-24
526,上海市,市辖区,91310116752477143K001Q,上海立克兴涂料有限公司,涂料制造,2020-07-24至2023-07-23,2020-07-24
527,上海市,市辖区,91310112690100825M001P,上海泾维化工科技有限公司,有机化学原料制造,2020-07-24至2023-07-23,2020-07-24
528,上海市,市辖区,91310115607248408M001U,上海白云三和感光材料有限公司,医学生产用信息化学品制造,2020-07-27至2023-07-26,2020-07-27
529,上海市,市辖区,91310115758575940J001Q,上海汇丽涂料有限公司,涂料制造,2020-07-27至2023-07-26,2020-07-27
530,上海市,市辖区,91310115674585316P001V,立邦（上海）化工有限公司,专项化学用品制造,2020-07-27至2023-07-26,2020-07-27
531,上海市,市辖区,91310000550005586A001U,美凯威奇（上海）新材料科技有限公司,涂料制造,2020-07-24至2023-07-23,2020-07-24
532,上海市,市辖区,91310114776670853Y001Q,上海罗格涂料有限公司,涂料制造,2020-07-24至2023-07-23,2020-07-23
533,上海市,市辖区,91310114631538659U001V,上海赛博化工有限公司,化学试剂和助剂制造,2020-07-23至2023-07-22,2020-07-23
534,上海市,市辖区,9131011463080672X8001P,上海洪大化工原料有限公司,涂料制造,2020-07-23至2023-07-22,2020-07-23
535,上海市,市辖区,91310115738525559X001X,欣威数码喷绘（上海）有限公司,油墨及类似产品制造,2020-08-01至2023-07-31,2020-08-01
